Arsenal,"Graham, George",14-May-86,21-Feb-95,3205,460,225,133,102,403,711
Arsenal,"Houston, Stewart",21-Feb-95,15-Jun-95,114,19,7,3,9,25,29
Arsenal,"Rioch, Bruce",15-Jun-95,12-Aug-96,424,47,22,15,10,37,67
Arsenal,"Houston, Stewart",12-Aug-96,13-Sep-96,32,6,2,2,2,10,11
Arsenal,"Rice, Pat",13-Sep-96,30-Sep-96,17,4,3,0,1,4,10
Arsenal,"Wenger, Ars赤ne",1-Oct-96,Present,,"1,098",632,254,212,990,"1,886"
AstonVilla,"[u'Atkinson, Ron', u'Ron Atkinson']",1-Jul-91,1-Nov-94,1219,178,77,45,56,,
AstonVilla,"[u'Little, Brian', u'Brian Little']",1-Nov-94,1-Feb-98,1188,164,68,45,51,,
AstonVilla,"[u'Gregory, John', u'John Gregory']",1-Feb-98,1-Jan-02,1430,190,82,52,56,,
AstonVilla,"[u'Taylor, Graham', u'Graham Taylor']",1-Feb-02,1-May-03,454,60,19,14,27,,
AstonVilla,"[u""O'Leary, David"", u""David O'Leary""]",1-May-03,1-Jul-06,1157,131,47,35,49,,
AstonVilla,"[u""O'Neill, Martin"", u""Martin O'Neill""]",1-Aug-06,1-Aug-10,1461,190,80,60,50,,
AstonVilla,"[u'Houllier, G\xe9rard', u'G\xe9rard Houllier']",1-Sep-10,1-Jun-11,273,36,14,8,14,,
AstonVilla,"[u'McLeish, Alex', u'Alex McLeish']",1-Jun-11,1-May-12,335,42,9,17,16,,
AstonVilla,"[u'Lambert, Paul', u'Paul Lambert']",1-Jun-12,1-Feb-15,975,115,34,26,55,,
AstonVilla,"[u'Sherwood, Tim', u'Tim Sherwood']",1-Feb-15,1-Oct-15,242,28,11,2,15,,
AstonVilla,"[u'Garde, Remi', u'Remi Garde']",1-Nov-15,Present,,12,1,6,5,,
Barnsley,"[u'Cooper, Terry', u'Terry Cooper']",9-Aug-91,29-Nov-93,843,135,48,36,51,,
Barnsley,"[u'Broadhurst, Kevan', u'Kevan Broadhurst', u' ', u'\n', u'Trevor Morgan', u' ']",29-Nov-93,10-Dec-93,11,1,0,0,1,,
Barnsley,"[u'Fry, Barry', u'Barry Fry']",10-Dec-93,7-May-96,879,156,68,44,44,,
Barnsley,"[u'Francis, Trevor', u'Trevor Francis']",10-May-96,15-Oct-01,1984,290,139,70,81,,
Barnsley,"[u'Mills, Mick', u'Mick Mills', u' ', u'\n', u'Jim Barron', u' ']",15-Oct-01,12-Dec-01,58,12,5,4,3,,
Barnsley,"[u'Bruce, Steve', u'Steve Bruce']",12-Dec-01,23-Nov-07,2172,270,100,70,100,,
Barnsley,"[u'Black, Eric', u'Eric Black', u' ']",23-Nov-07,27-Nov-07,4,1,0,0,1,,
Barnsley,"[u'McLeish, Alex', u'Alex McLeish']",28-Nov-07,12-Jun-11,1292,168,62,51,55,,
Barnsley,"[u'Hughton, Chris', u'Chris Hughton']",22-Jun-11,7-Jun-12,351,62,26,21,15,,
Barnsley,"[u'Clark, Lee', u'Lee Clark']",26-Jun-12,20-Oct-14,846,116,33,35,48,,
Barnsley,"[u'Beale, Richard', u'Richard Beale', u' ', u'\n', u'Malcolm Crosby', u' ']",20-Oct-14,27-Oct-14,7,2,0,0,2,,
Barnsley,"[u'Rowett, Gary', u'Gary Rowett']",27-Oct-14,Present,,67,30,18,19,,
Bolton,"[u'Neal, Phil', u'Phil Neal']",18-Dec-85,8-May-92,2333,351,132,116,103,,
Bolton,"[u'Rioch, Bruce', u'Bruce Rioch']",29-May-92,8-Jun-95,1105,172,83,42,47,,
Bolton,"[u'McFarland, Roy', u'Roy McFarland']",20-Jun-95,2-Jan-96,196,28,5,16,7,,
Bolton,"[u'Todd, Colin', u'Colin Todd']",2-Jan-96,22-Sep-99,1359,183,79,51,53,,
Bolton,"[u'Allardyce, Sam', u'Sam Allardyce']",19-Oct-99,29-Apr-07,2749,370,153,114,103,,
Bolton,"[u'Lee, Sammy', u'Sammy Lee']",30-Apr-07,7-Oct-07,160,14,3,7,4,,
Bolton,"[u'Megson, Gary', u'Gary Megson']",25-Oct-07,30-Dec-09,797,97,27,45,26,,
Bolton,"[u'Coyle, Owen', u'Owen Coyle']",8-Jan-10,9-Oct-12,1005,126,42,24,60,,
Bolton,"[u'Freedman, Dougie', u'Dougie Freedman']",23-Oct-12,3-Oct-14,710,94,33,32,29,,
Bolton,"[u'Lennon, Neil', u'Neil Lennon']",12-Oct-14,Present,,50,14,16,20,,
BradfordCity,"[u'Stapleton, Frank', u'Frank Stapleton']",9-Dec-91,2-May-94,875,129,47,43,39,,
BradfordCity,"[u'Lawrence, Lennie', u'Lennie Lawrence']",25-May-94,27-Nov-95,551,77,29,20,28,,
BradfordCity,"[u'Kamara, Chris', u'Chris Kamara']",27-Nov-95,6-Jan-98,771,112,40,26,46,,
BradfordCity,"[u'Jewell, Paul', u'Paul Jewell']",6-Jan-98,18-Jun-00,894,117,46,26,45,,
BradfordCity,"[u'Hutchings, Chris', u'Chris Hutchings']",18-Jun-00,6-Nov-00,141,21,7,4,10,,
BradfordCity,"[u'McCall, Stuart', u'Stuart McCall']",6-Nov-00,20-Nov-00,14,2,0,0,2,,
BradfordCity,"[u'Jefferies, Jim', u'Jim Jefferies']",20-Nov-00,24-Dec-01,399,53,15,12,26,,
BradfordCity,"[u'Smith, Steve', u'Steve Smith']",24-Dec-01,31-Dec-01,7,2,0,0,2,,
BradfordCity,"[u'Law, Nicky', u'Nicky Law']",1-Jan-02,9-Nov-03,677,87,23,21,43,,
BradfordCity,Senior players,9-Nov-03,23-Nov-03,14,1,0,0,1,,
BradfordCity,"[u'Robson, Bryan', u'Bryan Robson']",24-Nov-03,17-Jun-04,206,28,7,1,20,,
BradfordCity,"[u'Todd, Colin', u'Colin Todd']",18-Jun-04,12-Feb-07,969,139,44,46,49,,
BradfordCity,"[u'Wetherall, David', u'David Wetherall']",12-Feb-07,22-May-07,99,14,2,4,8,,
BradfordCity,"[u'McCall, Stuart', u'Stuart McCall']",22-May-07,8-Feb-10,993,133,46,35,52,,
BradfordCity,"[u'Jacobs, Wayne', u'Wayne Jacobs']",8-Feb-10,16-Feb-10,8,1,0,1,0,,
BradfordCity,"[u'Taylor, Peter', u'Peter Taylor']",17-Feb-10,26-Feb-11,374,25,10,5,10,,
BradfordCity,"[u'Jackson, Peter Allan', u'Peter Allan Jackson']",27-Feb-11,25-Aug-11,179,19,4,4,11,,
BradfordCity,"[u'Cooper, Colin', u'Colin Cooper']",25-Aug-11,29-Aug-11,4,2,1,1,0,,
BradfordCity,"[u'Parkinson, Phil', u'Phil Parkinson']",29-Aug-11,Present,,196,68,62,66,,
CardiffCity,"[u'May, Eddie', u'Eddie May']",1-Jul-91,1-Nov-94,1219,170,66,46,58,,
CardiffCity,"[u'Yorath, Terry', u'Terry Yorath']",1-Nov-94,1-Mar-95,120,41,8,9,24,,
CardiffCity,"[u'May, Eddie', u'Eddie May']",1-Mar-95,1-May-95,61,8,2,2,4,,
CardiffCity,"[u'Hibbitt, Kenny', u'Kenny Hibbitt']",1-May-95,1-Feb-96,276,,,,,,
CardiffCity,"[u'Neal, Phil', u'Phil Neal']",1-Feb-96,1-Aug-96,182,,,,,,
CardiffCity,"[u'Hibbitt, Kenny', u'Kenny Hibbitt', u'*']",1-Aug-96,11-Nov-96,102,19,9,4,6,,
CardiffCity,"[u'Osman, Russell', u'Russell Osman']",11-Nov-96,23-Jan-98,438,67,22,21,24,,
CardiffCity,"[u'Hibbitt, Kenny', u'Kenny Hibbitt', u'*']",23-Jan-98,16-Feb-98,24,6,0,5,1,,
CardiffCity,"[u'Burrows, Frank', u'Frank Burrows']",16-Feb-98,1-Feb-00,715,107,36,34,37,,
CardiffCity,"[u'Ayre, Billy', u'Billy Ayre']",2-Feb-00,14-Aug-00,194,19,5,7,7,,
CardiffCity,"[u'Gould, Bobby', u'Bobby Gould']",14-Aug-00,3-Jul-01,323,52,24,15,13,,
CardiffCity,"[u'Cork, Alan', u'Alan Cork']",3-Jul-01,17-Feb-02,229,40,17,11,12,,
CardiffCity,"[u'Lawrence, Lennie', u'Lennie Lawrence']",18-Feb-02,25-May-05,1192,174,72,50,52,197,260
CardiffCity,"[u'Jones, Dave', u'Dave Jones']",25-May-05,30-May-11,2196,315,132,84,99,385,450
CardiffCity,"[u'Mackay, Malky', u'Malky Mackay']",17-Jun-11,27-Dec-13,924,125,54,37,34,156,175
CardiffCity,"[u'Kerslake, David', u'David Kerslake', u'*']",27-Dec-13,2-Jan-14,6,2,0,1,1,4,2
CardiffCity,"[u'Solskj\xe6r, Ole Gunnar', u'Ole Gunnar Solskj\xe6r']",2-Jan-14,18-Sep-14,259,30,9,5,16,56,32
CardiffCity,"[u'Gabbidon, Danny', u'Danny Gabbidon', u'*', u'2']",18-Sep-14,5-Oct-14,17,5,1,2,2,8,5
CardiffCity,"[u'Young, Scott', u'Scott Young', u'*', u'2']",18-Sep-14,5-Oct-14,17,5,1,2,2,8,5
CardiffCity,"[u'Slade, Russell', u'Russell Slade']",5-Oct-14,present,,51,20,15,16,63,65
Chelsea,Ian Porterfield,11-Jun-91,15-Feb-93,615,90,31,28,31,119,106
Chelsea,"[u'David Webb', u'[', u'nb 2', u']']",15-Feb-93,11-May-93,85,13,5,4,4,18,19
Chelsea,"[u'Glenn Hoddle', u'[', u']']",4-Jun-93,10-May-96,1071,157,53,54,50,182,192
Chelsea,"[u'Ruud Gullit', u'[', u']']",10-May-96,12-Feb-98,643,83,41,18,24,109,157
Chelsea,"[u'Gianluca Vialli', u'[', u']']",12-Feb-98,12-Sep-00,943,143,76,38,29,123,223
Chelsea,"[u'Graham Rix', u'[', u'nb 2', u']']",13-Sep-00,17-Sep-00,4,2,1,0,1,2,1
Chelsea,Claudio Ranieri,17-Sep-00,31-May-04,1352,199,107,46,46,197,358
Chelsea,Jos姓 Mourinho,2-Jun-04,19-Sep-07,1204,185,124,40,21,119,330
Chelsea,Avram Grant,20-Sep-07,24-May-08,247,54,36,13,5,36,97
Chelsea,Luiz Felipe Scolari,1-Jul-08,9-Feb-09,223,36,20,11,5,24,66
Chelsea,"[u'Ray Wilkins', u'[', u'nb 2', u']']",9-Feb-09,15-Feb-09,6,1,1,0,0,1,3
Chelsea,"[u'Guus Hiddink', u'[', u'nb 2', u']']",16-Feb-09,30-May-09,103,22,16,5,1,19,41
Chelsea,Carlo Ancelotti,1-Jul-09,22-May-11,690,109,67,20,22,94,241
Chelsea,Andr姓 Villas-Boas,22-Jun-11,4-Mar-12,256,40,19,11,10,43,69
Chelsea,Roberto Di Matteo,4-Mar-12,21-Nov-12,262,42,24,9,9,23,43
Chelsea,"[u'Rafael Ben\xedtez', u'[', u'nb 2', u']']",21-Nov-12,27-May-13,187,48,28,10,10,48,99
Chelsea,Jos姓 Mourinho,3-Jun-13,17-Dec-15,927,136,80,29,27,121,245
Chelsea,"[u'Steve Holland', u'[', u'nb 2', u']']",17-Dec-15,19-Dec-15,2,1,1,0,0,1,3
Chelsea,"[u'Guus Hiddink', u'[', u'nb 2', u']']",19-Dec-15,Present,,4,2,2,0,2,7
CoventryCity,"[u'Butcher, Terry', u'Terry Butcher']",15-Nov-90,6-Jan-92,417,60,20,14,26,,
CoventryCity,"[u'Gould, Bobby', u'Bobby Gould', u' (2)']",1-Jun-92,1-Dec-93,548,59,18,19,22,,
CoventryCity,"[u'Neal, Phil', u'Phil Neal']",23-Oct-93,14-Feb-95,479,67,21,20,26,,
CoventryCity,"[u'Atkinson, Ron', u'Ron Atkinson']",1-Feb-95,1-Nov-96,639,74,19,28,27,,
CoventryCity,"[u'Strachan, Gordon', u'Gordon Strachan']",5-Nov-96,10-Sep-01,1770,214,70,54,90,,
CoventryCity,"[u'Nilsson, Roland', u'Roland Nilsson']",1-Sep-01,16-Apr-02,227,43,19,6,18,,
CoventryCity,"[u'McAllister, Gary', u'Gary McAllister']",24-Apr-02,11-Dec-03,596,76,21,26,29,,
CoventryCity,"[u'Black, Eric', u'Eric Black']",15-Jan-04,4-May-04,110,22,10,4,8,,
CoventryCity,"[u'Reid, Peter', u'Peter Reid']",6-May-04,6-Jan-05,245,31,10,8,13,,
CoventryCity,"[u'Adams, Micky', u'Micky Adams']",23-Jan-05,17-Jan-07,724,99,33,26,40,,
CoventryCity,"[u'Dowie, Iain', u'Iain Dowie']",19-Feb-07,11-Feb-08,357,49,20,8,21,,
CoventryCity,"[u'Coleman, Chris', u'Chris Coleman']",19-Feb-08,4-May-10,805,117,34,47,36,,
CoventryCity,"[u'Boothroyd, Aidy', u'Aidy Boothroyd']",20-May-10,14-Mar-11,298,39,12,8,19,,
CoventryCity,"[u'Thorn, Andy', u'Andy Thorn']",14-Mar-11,26-Aug-12,531,49,9,15,25,,
CoventryCity,"[u'Robins, Mark', u'Mark Robins']",19-Sep-12,14-Feb-13,148,33,17,6,10,,
CoventryCity,"[u'Pressley, Steven', u'Steven Pressley']",8-Mar-13,23-Feb-15,717,100,32,30,38,,
CoventryCity,"[u'Mowbray, Tony', u'Tony Mowbray']",3-Mar-15,Present,,36,16,12,8,,
CrystalPalace,"[u'(27) ', u'Steve Coppell']",1984,1993,,442,179,113,150,,
CrystalPalace,"[u'(28) ', u'Alan Smith']",1993,1995,,108,48,25,35,,
CrystalPalace,"[u'(29) ', u'Steve Coppell']",1995,1996,,32,9,14,9,,
CrystalPalace,"[u'(30) ', u'Dave Bassett']",1996,1997,,60,29,15,16,,
CrystalPalace,"[u'(31) ', u'Steve Coppell']",1997,1998,,51,16,13,22,,
CrystalPalace,"[u'(32) ', u'Attilio Lombardo', u'*']",1998,1998,,7,2,0,5,,
CrystalPalace,"[u'(33) ', u'Ron Noades', u'/', u'Ray Lewington', u'+']",1998,1998,,2,0,1,1,,
CrystalPalace,"[u'(34) ', u'Terry Venables']",1998,1999,,31,11,8,12,,
CrystalPalace,"[u'(35) ', u'Steve Coppell']",1999,[],,40,17,6,17,,
CrystalPalace,"[u'(36) ', u'Alan Smith']",[],2001,,55,14,18,23,,
CrystalPalace,"[u'(37) ', u'Steve Kember', u'+']",2001,2001,,2,2,0,0,,
CrystalPalace,"[u'(38) ', u'Steve Bruce']",2001,2001,,18,11,2,5,,
CrystalPalace,"[u'(39) ', u'Steve Kember', u'/', u'Terry Bullivant', u'+']",2001,2001,,4,1,0,3,,
CrystalPalace,"[u'(40) ', u'Trevor Francis']",2001,2003,,78,28,22,28,,
CrystalPalace,"[u'(41) ', u'Steve Kember']",2003,2003,,23,7,6,10,,
CrystalPalace,"[u'(42) ', u'Kit Symons', u'+']",2003,2003,,9,3,3,3,,
CrystalPalace,"[u'(43) ', u'Iain Dowie']",2003,2006,,123,50,29,44,,
CrystalPalace,"[u'(44) ', u'Peter Taylor']",2006,2007,,60,21,16,23,,
CrystalPalace,"[u'(45) ', u'Neil Warnock']",2007,2010,,129,47,39,43,,
CrystalPalace,"[u'(46) ', u'Paul Hart']",2010,2010,,14,3,6,5,,
CrystalPalace,"[u'(47) ', u'George Burley']",2010,2011,,25,7,5,13,,
CrystalPalace,"[u'(48) ', u'Dougie Freedman']",2011,2012,,90,32,27,31,,
CrystalPalace,"[u'(49) ', u'Lennie Lawrence', u'/', u'\n', u'Curtis Fleming', u'+']",2012,2012,,2,1,1,0,,
CrystalPalace,"[u'(50) ', u'Curtis Fleming', u'+']",2012,2012,,1,1,0,0,,
CrystalPalace,"[u'(51) ', u'Ian Holloway']",2012,2013,,46,14,14,18,,
CrystalPalace,"[u'(52) ', u'Keith Millen', u'+']",2013,2013,,4,1,1,2,,
CrystalPalace,"[u'(53) ', u'Tony Pulis']",2013,2014,,28,12,5,11,,
CrystalPalace,"[u'(54) ', u'Keith Millen', u'+']",2014,2014,,1,0,0,1,,
CrystalPalace,"[u'(55) ', u'Neil Warnock']",2014,2014,,17,3,6,8,,
CrystalPalace,"[u'(56) ', u'Keith Millen', u'+']",2014,2015,,2,0,2,0,,
CrystalPalace,"[u'(57) ', u'Alan Pardew']",2015,Present,,48,24,5,19,,
DerbyCounty,Arthur Cox,28-May-84,2-Oct-93,3414,108,161,40.62,35.54,,
DerbyCounty,Roy McFarland,2-Oct-93,29-Apr-95,574,21,31,43.01,33.33,,
DerbyCounty,Billy McEwan,29-Apr-95,15-Jun-95,47,0,1,0,100,,
DerbyCounty,Jim Smith,15-Jun-95,7-Oct-01,2306,81,101,35.23,35.94,,
DerbyCounty,Colin Todd,8-Oct-01,14-Jan-02,98,2,11,23.53,64.71,,
DerbyCounty,Billy McEwan,14-Jan-02,30-Jan-02,16,0,2,0,100,,
DerbyCounty,John Gregory,30-Jan-02,21-Mar-03,415,9,30,29.09,54.55,,
DerbyCounty,Mark Lillis,21-Mar-03,31-Mar-03,10,0,1,0,100,,
DerbyCounty,George Burley,31-Mar-03,7-Jun-05,799,25,43,36.45,40.19,,
DerbyCounty,Phil Brown,24-Jun-05,30-Jan-06,220,14,12,21.21,36.36,,
DerbyCounty,Terry Westley,30-Jan-06,2-Jun-06,123,6,6,25,37.5,,
DerbyCounty,Billy Davies,2-Jun-06,26-Nov-07,542,14,24,44.93,34.78,,
DerbyCounty,Paul Jewell,28-Nov-07,29-Dec-08,397,15,30,22.41,51.72,,
DerbyCounty,Chris Hutchings,29-Dec-08,6-Jan-09,8,0,0,100,0,,
DerbyCounty,David Lowe,6-Jan-09,8-Jan-09,2,0,0,100,0,,
DerbyCounty,Nigel Clough,8-Jan-09,28-Sep-13,1724,54,101,32.9,43.72,,
DerbyCounty,Darren Wassall,29-Sep-13,1-Oct-13,2,1,0,0,0,,
DerbyCounty,Steve McClaren,1-Oct-13,25-May-15,601,22,22,54.26,23.4,,
DerbyCounty,Paul Clement,1-Jun-15,Present,,10,5,48.28,17.24,,
LeedsUnited,"[u'Wilkinson, Howard', u'Howard Wilkinson']",10-Oct-88,10-Sep-96,2892,411,178,117,116,488,622
LeedsUnited,"[u'Graham, George', u'George Graham']",10-Sep-96,1-Oct-98,751,95,37,27,31,99,118
LeedsUnited,"[u""O'Leary, David"", u""David O'Leary""]",1-Oct-98,27-Jun-02,1365,203,101,47,55,217,320
LeedsUnited,"[u'Venables, Terry', u'Terry Venables']",8-Jul-02,21-Mar-03,256,42,16,7,19,52,53
LeedsUnited,"[u'Reid, Peter', u'Peter Reid']",21-Mar-03,10-Nov-03,234,22,6,4,12,51,36
LeedsUnited,"[u'Gray, Eddie', u'Eddie Gray']",10-Nov-03,31-May-04,203,26,6,7,13,51,30
LeedsUnited,"[u'Blackwell, Kevin', u'Kevin Blackwell']",1-Jun-04,20-Sep-06,841,115,44,37,34,117,128
LeedsUnited,"[u'Carver, John', u'John Carver']",21-Sep-06,23-Oct-06,32,5,1,0,4,17,7
LeedsUnited,"[u'Geddis, David', u'David Geddis']",24-Oct-06,24-Oct-06,0,1,0,0,1,3,1
LeedsUnited,"[u'Wise, Dennis', u'Dennis Wise']",24-Oct-06,28-Jan-08,461,68,30,12,26,78,88
LeedsUnited,"[u'Williams, Gwyn', u'Gwyn Williams']",29-Jan-08,29-Jan-08,0,1,0,0,1,1,0
LeedsUnited,"[u'McAllister, Gary', u'Gary McAllister']",30-Jan-08,21-Dec-08,326,50,25,8,17,61,84
LeedsUnited,"[u'Grayson, Simon', u'Simon Grayson']",23-Dec-08,1-Feb-12,1135,169,84,40,45,186,259
LeedsUnited,"[u'Redfearn, Neil', u'Neil Redfearn']",1-Feb-12,18-Feb-12,17,4,2,0,2,6,8
LeedsUnited,"[u'Warnock, Neil', u'Neil Warnock']",18-Feb-12,1-Apr-13,408,63,23,15,25,92,81
LeedsUnited,"[u'Redfearn, Neil', u'Neil Redfearn']",1-Apr-13,12-Apr-13,11,1,0,0,1,2,1
LeedsUnited,"[u'McDermott, Brian', u'Brian McDermott']",12-Apr-13,30-Jun-14,444,55,21,9,25,67?,63?
LeedsUnited,"[u'Hockaday, Dave', u'Dave Hockaday']",1-Jul-14,28-Aug-14,58,6,2,0,4,11,5
LeedsUnited,"[u'Redfearn, Neil', u'Neil Redfearn']",28-Aug-14,23-Sep-14,26,4,3,1,0,2,8
LeedsUnited,"[u'Milani\u010d, Darko', u'Darko Milani\u010d']",23-Sep-14,25-Oct-14,32,6,0,3,3,8,4
LeedsUnited,"[u'Redfearn, Neil', u'Neil Redfearn']",1-Nov-14,30-Jun-15,241,33,11,7,15,44,36
LeedsUnited,"[u'R\xf6sler, Uwe', u'Uwe R\xf6sler']",1-Jul-15,18-Oct-15,109,12,2,6,4,16,11
LeedsUnited,"[u'Evans, Steve', u'Steve Evans']",19-Oct-15,Present,,15,6,6,3,13,18
LeicesterCity,Brian Little,30-May-91,22-Nov-94,1272,188,81,45,62,,
LeicesterCity,"[u'Kevin MacDonald', u'\n', u'Tony McAndrew']",22-Nov-94,14-Dec-94,22,3,0,1,2,,
LeicesterCity,Mark McGhee,14-Dec-94,7-Dec-95,358,51,16,14,21,,
LeicesterCity,"[u'David Nish', u'\n', u'Chris Turner', u'\n', u'Garry Parker', u'\n', u'Steve Walsh']",7-Dec-95,21-Dec-95,14,2,1,0,1,,
LeicesterCity,Martin O'Neill,21-Dec-95,1-Jun-00,1624,222,85,67,70,,
LeicesterCity,Peter Taylor,12-Jun-00,30-Sep-01,475,54,19,9,26,,
LeicesterCity,Garry Parker,30-Sep-01,10-Oct-01,10,1,0,0,1,,
LeicesterCity,Dave Bassett,10-Oct-01,6-Apr-02,178,28,4,8,16,,
LeicesterCity,Micky Adams,7-Apr-02,11-Oct-04,918,111,41,38,32,,
LeicesterCity,"[u'Dave Bassett', u'\n', u'Howard Wilkinson']",11-Oct-04,30-Oct-04,19,4,0,4,0,,
LeicesterCity,Craig Levein,1-Nov-04,25-Jan-06,450,70,20,25,25,,
LeicesterCity,Rob Kelly,13-Feb-06,11-Apr-07,422,63,21,19,23,,
LeicesterCity,Nigel Worthington,11-Apr-07,7-May-07,26,5,2,0,3,,
LeicesterCity,Martin Allen,25-May-07,29-Aug-07,96,4,2,1,1,,
LeicesterCity,"[u'Jon Rudkin', u'\n', u'Steve Beaglehole', u'\n', u'Mike Stowell']",30-Aug-07,13-Sep-07,14,1,0,1,0,,
LeicesterCity,Gary Megson,13-Sep-07,24-Oct-07,41,9,3,4,2,,
LeicesterCity,"[u'Frank Burrows', u'\n', u'Gerry Taggart']",24-Oct-07,22-Nov-07,29,5,1,2,2,,
LeicesterCity,Ian Holloway,22-Nov-07,23-May-08,183,32,9,8,15,,
LeicesterCity,Nigel Pearson,22-Jun-08,29-Jun-10,737,107,55,30,22,,
LeicesterCity,Paulo Sousa,7-Jul-10,1-Oct-10,86,12,4,2,6,,
LeicesterCity,"[u'Chris Powell', u'\n', u'Mike Stowell']",1-Oct-10,4-Oct-10,3,1,1,0,0,,
LeicesterCity,Sven-G神ran Eriksson,4-Oct-10,24-Oct-11,385,55,24,14,17,,
LeicesterCity,"[u'Jon Rudkin', u'\n', u'Steve Beaglehole', u'\n', u'Mike Stowell']",24-Oct-11,15-Nov-11,22,3,1,0,2,,
LeicesterCity,Nigel Pearson,15-Nov-11,30-Jun-15,1323,175,80,37,58,,
LeicesterCity,Claudio Ranieri,13-Jul-15,Present,,20,13,6,1,,
Liverpool,"Souness, Graeme",16-Apr-91,28-Jan-94,1018,157,66,45,46,,
Liverpool,"Evans, Roy",31-Jan-94,12-Nov-98,1746,226,117,56,53,,
Liverpool,"Evans, Roy",16-Jul-98,12-Nov-98,119,18,7,6,5,,
Liverpool,"Houllier, G姓rard",16-Jul-98,24-May-04,2139,307,160,73,74,,
Liverpool,"Ben神tez, Rafael",16-Jun-04,3-Jun-10,2178,350,197,74,79,,
Liverpool,"Hodgson, Roy",1-Jul-10,8-Jan-11,191,31,13,8,10,,
Liverpool,"Dalglish, Kenny",8-Jan-11,16-May-12,494,74,35,17,22,,
Liverpool,Brendan Rodgers,1-Jun-12,4-Oct-15,1220,166,85,39,42,,
Liverpool,Jurgen Klopp,8-Oct-15,present,,24,12,7,5,,
ManchesterCity,"[u'Reid, Peter', u'Peter Reid']",11-Nov-90,26-Aug-93,1019,136,59,31,46,166,199
ManchesterCity,"[u'Book, Tony', u'Tony Book']",27-Aug-93,27-Aug-93,0,1,0,1,0,1,1
ManchesterCity,"[u'Horton, Brian', u'Brian Horton']",28-Aug-93,16-May-95,626,96,29,33,34,130,118
ManchesterCity,"[u'Ball, Alan', u'Alan Ball']",30-Jun-95,26-Aug-96,423,49,13,14,22,70,49
ManchesterCity,"[u'Hartford, Asa', u'Asa Hartford']",26-Aug-96,7-Oct-96,42,8,3,0,5,13,8
ManchesterCity,"[u'Coppell, Steve', u'Steve Coppell']",7-Oct-96,8-Nov-96,32,6,2,1,3,10,7
ManchesterCity,"[u'Neal, Phil', u'Phil Neal']",9-Nov-96,28-Dec-96,49,10,2,1,7,19,11
ManchesterCity,"[u'Clark, Frank', u'Frank Clark']",29-Dec-96,17-Feb-98,415,59,20,17,22,60,73
ManchesterCity,"[u'Royle, Joe', u'Joe Royle']",18-Feb-98,21-May-01,1188,171,74,46,51,192,261
ManchesterCity,"[u'Keegan, Kevin', u'Kevin Keegan']",24-May-01,11-Mar-05,1387,176,77,39,60,223,299
ManchesterCity,"[u'Pearce, Stuart', u'Stuart Pearce']",21-Mar-05,14-May-07,784,96,34,19,43,111,103
ManchesterCity,"[u'Eriksson, Sven-G\xf6ran', u'Sven-G\xf6ran Eriksson']",6-Jul-07,2-Jun-08,332,45,19,11,15,58,51
ManchesterCity,"[u'Hughes, Mark', u'Mark Hughes']",4-Jun-08,19-Dec-09,563,77,36,15,26,101,129
ManchesterCity,"[u'Mancini, Roberto', u'Roberto Mancini']",19-Dec-09,13-May-13,1241,191,113,38,40,173,360
ManchesterCity,"[u'Kidd, Brian', u'Brian Kidd']",13-May-13,14-Jun-13,32,2,1,0,1,3,4
ManchesterCity,"[u'Pellegrini, Manuel', u'Manuel Pellegrini']",14-Jun-13,Present,,135,86,18,31,143,320
ManchesterUnited,"Ferguson, Alex",6-Nov-86,19-May-13,9691,"1,500",895,338,267,"1,365","2,769"
ManchesterUnited,"Moyes, David",1-Jul-13,22-Apr-14,295,51,27,9,15,54,86
ManchesterUnited,"Giggs, Ryan",22-Apr-14,11-May-14,19,4,2,1,1,3,8
ManchesterUnited,"Gaal, Louis van",16-Jul-14,Present,,77,39,19,19,70,114
Middlesbrough,"[u'Lawrence, Lennie', u'Lennie Lawrence']",10-Jul-91,19-May-94,1044,157,61,43,53,,
Middlesbrough,"[u'Robson, Bryan', u'Bryan Robson']",1-Jun-94,6-Dec-00,2380,314,127,86,101,,
Middlesbrough,"[u'Venables, Terry', u'Terry Venables']",6-Dec-00,12-Jun-01,188,25,8,11,6,,
Middlesbrough,"[u'McClaren, Steve', u'Steve McClaren']",12-Jun-01,11-May-06,1794,250,97,60,93,,
Middlesbrough,"[u'Southgate, Gareth', u'Gareth Southgate']",7-Jun-06,20-Oct-09,1231,151,45,43,63,,
Middlesbrough,"[u'Cooper, Colin', u'Colin Cooper']",20-Oct-09,26-Oct-09,6,1,0,1,0,,
Middlesbrough,"[u'Strachan, Gordon', u'Gordon Strachan']",26-Oct-09,18-Oct-10,357,51,15,13,23,,
Middlesbrough,"[u'Agnew, Steve', u'Steve Agnew']",18-Oct-10,26-Oct-10,8,2,0,0,2,,
Middlesbrough,"[u'Mowbray, Tony', u'Tony Mowbray']",26-Oct-10,22-Oct-13,1092,153,61,37,55,,
Middlesbrough,"[u'Venus, Mark', u'Mark Venus']",23-Oct-13,12-Nov-13,20,3,1,1,1,,
Middlesbrough,"[u'Karanka, Aitor', u'Aitor Karanka']",13-Nov-13,Present,,67,34,18,15,,
NewcastleUnited,Osvaldo Ardiles,26-Mar-91,5-Feb-92,316,47,10,18,19,,
NewcastleUnited,Kevin Keegan,5-Feb-92,8-Jan-97,1799,251,138,51,62,,
NewcastleUnited,"[u'Terry McDermott', u'[', u'2', u']']",8-Jan-97,14-Jan-97,6,1,0,1,0,,
NewcastleUnited,Kenny Dalglish,14-Jan-97,27-Aug-98,590,78,30,26,22,,
NewcastleUnited,Ruud Gullit,28-Aug-98,28-Aug-99,365,52,18,14,20,,
NewcastleUnited,"[u'Steve Clarke', u'[', u'2', u']']",28-Aug-99,2-Sep-99,5,1,0,0,1,,
NewcastleUnited,Sir Bobby Robson,2-Sep-99,30-Aug-04,1824,255,119,64,72,,
NewcastleUnited,"[u'John Carver', u'[', u'2', u']']",11-Sep-04,13-Sep-04,2,1,1,0,0,,
NewcastleUnited,Graeme Souness,13-Sep-04,2-Feb-06,507,87,39,19,29,,
NewcastleUnited,Glenn Roeder,2-Feb-06,6-May-07,458,72,33,15,24,,
NewcastleUnited,"[u'Nigel Pearson', u'[', u'2', u']']",6-May-07,15-May-07,9,1,0,1,0,,
NewcastleUnited,Sam Allardyce,15-May-07,9-Jan-08,239,24,8,6,10,,
NewcastleUnited,"[u'Nigel Pearson', u'[', u'2', u']']",9-Jan-08,16-Jan-08,7,2,1,0,1,,
NewcastleUnited,Kevin Keegan,16-Jan-08,4-Sep-08,232,21,6,6,9,,
NewcastleUnited,"[u'Chris Hughton', u'[', u'2', u']']",8-Sep-08,28-Sep-08,20,3,0,0,3,,
NewcastleUnited,Joe Kinnear,29-Sep-08,1-Apr-09,184,18,4,8,6,,
NewcastleUnited,Alan Shearer,1-Apr-09,24-May-09,53,8,1,2,5,,
NewcastleUnited,"[u'Chris Hughton', u'[', u'5', u']']",24-May-09,6-Dec-10,561,64,38,11,15,,
NewcastleUnited,Alan Pardew,9-Dec-10,2-Jan-15,1485,185,71,41,73,,
NewcastleUnited,John Carver,26-Jan-15,9-Jun-15,134,20,3,4,13,,
NewcastleUnited,Steve McClaren,10-Jun-15,Present,,20,5,5,10,,
NorwichCity,"Stringer, Dave",9-Nov-87,1-May-92,1635,229,89,58,82,,
NorwichCity,"Williams, David",1-May-92,1-Jun-92,31,1,0,0,1,,
NorwichCity,"Walker, Mike",1-Jun-92,6-Jan-94,584,80,36,20,24,,
NorwichCity,"Deehan, John",12-Jan-94,9-Apr-95,452,58,13,22,23,,
NorwichCity,"Megson, Gary",9-Apr-95,14-Jun-95,66,5,0,1,4,,
NorwichCity,"O'Neill, Martin",14-Jun-95,17-Dec-95,186,26,12,9,5,,
NorwichCity,"Franklin, Paul",17-Dec-95,20-Dec-95,3,1,0,0,1,,
NorwichCity,"Megson, Gary",21-Dec-95,21-Jun-96,183,27,5,9,13,,
NorwichCity,"Walker, Mike",1-Aug-96,30-Apr-98,637,98,32,26,40,,
NorwichCity,"Faulkner, John",30-Apr-98,12-Jun-98,43,1,1,0,0,,
NorwichCity,"Rioch, Bruce",12-Jun-98,13-Mar-00,640,93,30,31,32,,
NorwichCity,"Hamilton, Bryan",5-Apr-00,4-Dec-00,243,35,10,10,15,,
NorwichCity,"Worthington, Nigel",4-Dec-00,2-Oct-06,2128,280,114,62,104,,
NorwichCity,"Hunter, Martin",2-Oct-06,16-Oct-06,14,1,0,1,0,,
NorwichCity,"Grant, Peter",16-Oct-06,9-Oct-07,358,53,18,11,24,,
NorwichCity,"Duffy, Jim",9-Oct-07,30-Oct-07,21,3,0,0,3,,
NorwichCity,"Roeder, Glenn",30-Oct-07,16-Jan-09,444,65,20,15,30,,
NorwichCity,"Gunn, Bryan",15-Jan-09,14-Aug-09,211,21,6,5,10,,
NorwichCity,"Butterworth, Ian",14-Aug-09,18-Aug-09,4,2,0,1,1,,
NorwichCity,"Lambert, Paul",18-Aug-09,1-Jun-12,1018,142,70,35,37,,
NorwichCity,"Hughton, Chris",7-Jun-12,6-Apr-14,668,82,24,23,35,,
NorwichCity,"Adams, Neil",6-Apr-14,5-Jan-15,274,32,11,8,13,,
NorwichCity,"Neil, Alex",9-Jan-15,Present,,18,13,3,2,,
OldhamAthletic,"[u'Royle, Joe', u'Joe Royle']",14-Jul-82,10-Nov-94,4502,608,225,165,218,,
OldhamAthletic,"[u'Sharp, Graeme', u'Graeme Sharp']",16-Nov-94,11-Feb-97,818,117,35,34,48,,
OldhamAthletic,"[u'Warnock, Neil', u'Neil Warnock']",21-Feb-97,7-Apr-98,410,69,22,20,27,,
OldhamAthletic,"[u'Ritchie, Andy', u'Andy Ritchie']",7-May-98,31-Oct-01,1273,179,59,45,75,,
OldhamAthletic,"[u'Urmson, Billy !', u'Billy Urmson']",31-Oct-01,7-Nov-01,7,1,0,1,0,,
OldhamAthletic,"[u'Wadsworth, Mick', u'Mick Wadsworth']",7-Nov-01,31-May-02,205,35,15,9,11,,
OldhamAthletic,"[u'Dowie, Iain', u'Iain Dowie']",31-May-02,19-Dec-03,567,82,31,28,23,,
OldhamAthletic,"[u'Eyres, David', u'David Eyres', u' &', u'\n', u'John Sheridan']",20-Dec-03,10-Mar-04,81,12,2,6,4,,
OldhamAthletic,"[u'Talbot, Brian', u'Brian Talbot']",10-Mar-04,25-Feb-05,352,55,20,14,21,,
OldhamAthletic,"[u'Philliskirk, Tony', u'Tony Philliskirk']",25-Feb-05,1-Mar-05,4,1,0,0,1,,
OldhamAthletic,"[u'Moore, Ronnie', u'Ronnie Moore']",1-Mar-05,1-Jun-06,457,65,23,18,24,,
OldhamAthletic,"[u'Sheridan, John', u'John Sheridan']",1-Jun-06,15-Mar-09,1018,151,61,47,43,,
OldhamAthletic,"[u'Royle, Joe', u'Joe Royle']",15-Mar-09,2-May-09,48,9,1,4,4,,
OldhamAthletic,"[u'Penney, Dave', u'Dave Penney']",30-Apr-09,6-May-10,371,48,13,13,22,,
OldhamAthletic,"[u'Gray, Martin', u'Martin Gray']",6-May-10,2-Jun-10,27,1,0,0,1,,
OldhamAthletic,"[u'Dickov, Paul', u'Paul Dickov']",9-Jun-10,3-Feb-13,970,141,43,37,61,,
OldhamAthletic,"[u'Philliskirk, Tony', u'Tony Philliskirk']",4-Feb-13,18-Mar-13,42,8,3,1,4,,
OldhamAthletic,"[u'Johnson, Lee', u'Lee Johnson']",18-Mar-13,25-Feb-15,709,103,36,32,35,,
OldhamAthletic,"[u'Holden, Dean', u'Dean Holden']",25-Feb-15,6-May-15,70,15,3,5,7,,
OldhamAthletic,"[u'Kelly, Darren', u'Darren Kelly']",6-May-15,12-Sep-15,129,9,1,4,4,,
OldhamAthletic,"[u'Dunn, David', u'David Dunn']",13-Sep-15,12-Jan-16,121,20,3,9,8,,
OldhamAthletic,"[u'Sheridan, John', u'John Sheridan']",13-Jan-16,Present,,0,0,0,0,,
QPR,Gerry Francis,1-Jun-91,11-Nov-94,1259,,59,47,52,,
QPR,Ray Wilkins,15-Nov-94,4-Sep-96,659,,31,13,36,,
QPR,Stewart Houston,16-Sep-96,10-Nov-97,420,,25,15,23,,
QPR,John Hollins,11-Nov-97,5-Dec-97,24,,1,2,1,,
QPR,Ray Harford,5-Dec-97,28-Sep-98,297,,5,18,18,,
QPR,Iain Dowie,28-Sep-98,16-Oct-98,18,,1,0,1,,
QPR,Gerry Francis,16-Oct-98,25-Feb-01,863,,36,42,47,,
QPR,Ian Holloway,26-Feb-01,2-Feb-06,1802,,100,71,81,,
QPR,Gary Waddock,6-Feb-06,19-Sep-06,225,,4,8,11,,
QPR,John Gregory,20-Sep-06,1-Oct-07,376,,13,12,23,,
QPR,Mick Harford,1-Oct-07,29-Oct-07,28,,2,2,1,,
QPR,Luigi De Canio,29-Oct-07,12-May-08,196,,12,11,12,,
QPR,Iain Dowie,14-May-08,24-Oct-08,163,,8,3,4,,
QPR,Gareth Ainsworth,24-Oct-08,19-Nov-08,26,,2,1,4,,
QPR,Paulo Sousa,19-Nov-08,9-Apr-09,141,,7,12,7,,
QPR,Gareth Ainsworth,9-Apr-09,3-May-09,24,,1,1,3,,
QPR,Jim Magilton,3-Jun-09,16-Dec-09,196,,9,8,7,,
QPR,"[u'Steve Gallen', u'\n', u'Marc Bircham']",16-Dec-09,17-Dec-09,1,,0,1,0,,
QPR,Paul Hart,17-Dec-09,15-Jan-10,29,,1,2,2,,
QPR,Mick Harford,15-Jan-10,2-Mar-10,46,,1,0,6,,
QPR,Neil Warnock,2-Mar-10,8-Jan-12,677,,33,27,24,,
QPR,Mark Hughes,10-Jan-12,23-Nov-12,318,,8,6,18,,
QPR,"[u'Mark Bowen', u'\n', u'Eddie Niedzwiecki']",23-Nov-12,24-Nov-12,1,,0,0,1,,
QPR,Harry Redknapp,24-Nov-12,3-Feb-15,801,,36,26,41,,
QPR,"[u'Les Ferdinand', u'\n', u'Chris Ramsey']",3-Feb-15,4-Feb-15,1,,0,0,0,,
QPR,"[u'Chris Ramsey', u'\n', u'Kevin Bond']",4-Feb-15,12-Feb-15,8,,1,0,1,,
QPR,Chris Ramsey,12-Feb-15,4-Nov-15,265,,8,6,16,,
QPR,Neil Warnock,4-Nov-15,4-Dec-15,30,,2,1,1,,
QPR,Jimmy Floyd Hasselbaink,4-Dec-15,Present,,,0,1,0,,
SheffieldUnited,Bassett Dave !,21-Jan-88,12-Dec-95,2882,393,150,101,142,,
SheffieldUnited,Kendall Howard !,13-Dec-95,27-Jun-97,562,82,34,27,21,,
SheffieldUnited,Spackman Nigel !,27-Jun-97,2-Mar-98,248,43,20,17,6,,
SheffieldUnited,Slade Russell !,2-Mar-98,9-Mar-98,7,2,0,1,1,,
SheffieldUnited,Thompson Steve !,9-Mar-98,2-Jul-98,115,17,5,6,6,,
SheffieldUnited,Bruce Steve !,2-Jul-98,17-May-99,319,55,22,15,18,,
SheffieldUnited,Heath Adrian !,15-Jun-99,23-Nov-99,161,22,7,5,10,,
SheffieldUnited,Slade Russell !,23-Nov-99,2-Dec-99,9,2,0,1,1,,
SheffieldUnited,Warnock Neil !,2-Dec-99,16-May-07,2722,388,165,100,123,,
SheffieldUnited,Robson Bryan !,22-May-07,14-Feb-08,268,38,14,12,12,,
SheffieldUnited,Blackwell Kevin !,14-Feb-08,14-Aug-10,912,125,53,36,36,,
SheffieldUnited,Speed Gary !,17-Aug-10,14-Dec-10,119,18,6,9,3,,
SheffieldUnited,Carver John !,14-Dec-10,30-Dec-10,16,3,1,2,0,,
SheffieldUnited,Adams Micky !,30-Dec-10,10-May-11,131,24,4,15,5,,
SheffieldUnited,Wilson Danny !,27-May-11,10-Apr-13,684,106,55,31,20,,
SheffieldUnited,Morgan Chris !,10-Apr-13,10-Jun-13,61,7,2,2,3,,
SheffieldUnited,Morgan Chris !,10-Jun-13,11-Oct-13,123,13,1,2,10,,
SheffieldUnited,Morgan Chris !,11-Oct-13,23-Oct-13,12,3,1,1,1,,
SheffieldUnited,Clough Nigel !,23-Oct-13,25-May-15,579,104,49,30,25,,
SheffieldUnited,Adkins Nigel !,2-Jun-15,Present,,19,9,4,6,,
SheffieldWednesday,"[u'(18) ', u'Francis, Trevor', u'Trevor Francis']",7-Jun-91,20-May-95,1443,214,88,68,58,,
SheffieldWednesday,"[u'(19) ', u'Pleat, David', u'David Pleat']",14-Jun-95,3-Nov-97,873,102,32,30,40,,
SheffieldWednesday,"[u'(20) ', u'Atkinson, Ron', u'Ron Atkinson']",14-Nov-97,17-May-98,184,27,9,7,11,,
SheffieldWednesday,"[u'(21) ', u'Wilson, Danny', u'Danny Wilson']",6-Jul-98,21-Mar-00,624,80,23,17,40,,
SheffieldWednesday,"[u'(22) ', u'Jewell, Paul', u'Paul Jewell']",21-Jun-00,12-Feb-01,236,38,12,5,21,,
SheffieldWednesday,"[u'(23) ', u'Shreeves, Peter', u'Peter Shreeves']",12-Feb-01,17-Oct-01,247,31,11,9,11,,
SheffieldWednesday,"[u'(24) ', u'Yorath, Terry', u'Terry Yorath']",17-Oct-01,31-Oct-02,379,56,16,15,25,,
SheffieldWednesday,"[u'(25) ', u'Turner, Chris', u'Chris Turner']",7-Nov-02,19-Sep-04,682,96,29,31,36,,
SheffieldWednesday,"[u'(26) ', u'Sturrock, Paul', u'Paul Sturrock']",23-Sep-04,19-Oct-06,756,104,35,29,40,,
SheffieldWednesday,"[u'(27) ', u'Laws, Brian', u'Brian Laws']",6-Nov-06,13-Dec-09,1133,154,52,42,60,,
SheffieldWednesday,"[u'(28) ', u'Irvine, Alan', u'Alan Irvine']",8-Jan-10,3-Feb-11,391,59,24,13,22,,
SheffieldWednesday,"[u'(29) ', u'Megson, Gary', u'Gary Megson']",4-Feb-11,29-Feb-12,390,62,28,12,22,,
SheffieldWednesday,"[u'(30) ', u'Jones, Dave', u'Dave Jones']",1-Mar-12,1-Dec-13,640,81,29,22,30,,
SheffieldWednesday,"[u'(31) ', u'Gray, Stuart', u'Stuart Gray']",1-Dec-13,11-Jun-15,557,68,26,23,19,,
SheffieldWednesday,"[u'(32) ', u'Carvalhal, Carlos', u'Carlos Carvalhal']",30-Jun-15,Present,,32,16,7,9,,
Southampton,Ian Branfoot,1-Jun-91,1-Jan-94,945,128,37,34,57,,
Southampton,Alan Ball,1-Jan-94,1-Jul-95,546,67,22,24,21,,
Southampton,David Merrington,1-Jul-95,1-Jun-96,336,48,15,13,20,,
Southampton,Graeme Souness,1-Jul-96,1-Jun-97,335,48,14,15,19,,
Southampton,Dave Jones,1-Jun-97,1-Jan-00,944,113,37,22,54,,
Southampton,Glenn Hoddle,1-Jan-00,1-Mar-01,425,52,22,12,18,,
Southampton,Stuart Gray,1-Mar-01,1-Oct-01,214,19,6,2,11,,
Southampton,Gordon Strachan,1-Oct-01,1-Feb-04,853,110,39,32,39,,
Southampton,Steve Wigley,1-Feb-04,1-Mar-04,29,2,0,2,0,,
Southampton,Paul Sturrock,1-Mar-04,1-Aug-04,153,13,5,2,6,,
Southampton,Steve Wigley,1-Aug-04,1-Dec-04,122,17,3,6,8,,
Southampton,Harry Redknapp,1-Dec-04,1-Dec-05,365,49,13,21,15,,
Southampton,"[u'Dave Bassett', u' & ', u'Dennis Wise']",1-Dec-05,1-Dec-05,0,3,1,1,1,,
Southampton,George Burley,1-Dec-05,1-Jan-08,761,109,45,25,39,,
Southampton,"[u'John Gorman', u' & ', u'Jason Dodd']",1-Jan-08,1-Feb-08,31,6,1,1,4,,
Southampton,Nigel Pearson,1-Feb-08,1-May-08,90,14,3,7,4,,
Southampton,Jan Poortvliet,1-May-08,1-Jan-09,245,32,8,8,16,,
Southampton,Mark Wotte,1-Jan-09,1-Jul-09,181,18,4,7,7,,
Southampton,Alan Pardew,1-Jul-09,1-Aug-10,396,64,34,17,13,,
Southampton,Dean Wilkins,1-Aug-10,1-Sep-10,31,3,0,0,3,,
Southampton,Nigel Adkins,1-Sep-10,1-Jan-13,853,124,67,25,32,,
Southampton,Mauricio Pochettino,1-Jan-13,1-May-14,485,60,23,18,19,,
Southampton,Ronald Koeman,1-Jun-14,Present,,70,32,14,24,,
StokeCity,"[u'Macari, Lou', u'Lou Macari']",1991,1993,,122,57,35,30,,
StokeCity,"[u'Jordan, Joe', u'Joe Jordan']",1993,1994,,40,13,13,14,,
StokeCity,"[u'Hartford, Asa', u'Asa Hartford']",1994,1994,,4,3,0,1,,
StokeCity,"[u'Macari, Lou', u'Lou Macari']",1994,1997,,144,53,42,49,,
StokeCity,"[u'Bates, Chic', u'Chic Bates']",1997,1998,,33,11,9,13,,
StokeCity,"[u'Kamara, Chris', u'Chris Kamara']",1998,1998,,14,1,5,8,,
StokeCity,"[u'Durban, Alan', u'Alan Durban']",1998,1998,,5,2,0,3,,
StokeCity,"[u'Little, Brian', u'Brian Little']",1998,1999,,52,23,7,22,,
StokeCity,"[u'Megson, Gary', u'Gary Megson']",1999,1999,,22,9,7,6,,
StokeCity,"[u'\xde\xf3r\xf0arson, Gu\xf0j\xf3n', u'Gu\xf0j\xf3n \xde\xf3r\xf0arson']",1999,2002,,154,77,39,38,,
StokeCity,"[u'Cotterill, Steve', u'Steve Cotterill']",2002,2002,,13,3,5,5,,
StokeCity,"[u'Kevan, Dave', u'Dave Kevan']",2002,2002,,4,0,0,4,,
StokeCity,"[u'Pulis, Tony', u'Tony Pulis']",2002,2005,,131,47,32,52,,
StokeCity,"[u'Boskamp, Johan', u'Johan Boskamp']",2005,2006,,51,18,10,23,,
StokeCity,"[u'Pulis, Tony', u'Tony Pulis']",2006,2013,,333,122,98,113,,
StokeCity,"[u'Hughes, Mark', u'Mark Hughes']",2013,Present,,117,47,29,41,,
Sunderland,"[u'Crosby, Malcolm', u'Malcolm Crosby']",30-Dec-91,28-Jan-93,395,60,21,15,24,,
Sunderland,"[u'Butcher, Terry', u'Terry Butcher']",29-Jan-93,26-Nov-93,301,45,14,8,23,,
Sunderland,"[u'Buxton, Mick', u'Mick Buxton']",26-Nov-93,29-Mar-95,488,76,25,24,27,,
Sunderland,"[u'Reid, Peter', u'Peter Reid']",29-Mar-95,7-Oct-02,2749,353,159,95,99,,
Sunderland,"[u'Wilkinson, Howard', u'Howard Wilkinson']",10-Oct-02,10-Mar-03,151,27,4,8,15,,
Sunderland,"[u'McCarthy, Mick', u'Mick McCarthy']",12-Mar-03,6-Mar-06,1090,147,63,26,58,,
Sunderland,"[u'Ball, Kevin', u'Kevin Ball', u' (caretaker)']",7-Mar-06,31-May-06,85,10,1,2,7,,
Sunderland,"[u'Quinn, Niall', u'Niall Quinn']",25-Jul-06,30-Aug-06,36,6,1,0,5,,
Sunderland,"[u'Keane, Roy', u'Roy Keane']",30-Aug-06,4-Dec-08,827,100,42,17,41,,
Sunderland,"[u'Sbragia, Ricky', u'Ricky Sbragia']",4-Dec-08,24-May-09,171,26,6,7,13,,
Sunderland,"[u'Bruce, Steve', u'Steve Bruce']",3-Jun-09,30-Nov-11,910,98,29,28,41,,
Sunderland,"[u'Black, Eric', u'Eric Black', u' (caretaker)']",30-Nov-11,3-Dec-11,3,1,0,0,1,,
Sunderland,"[u""O'Neill, Martin"", u""Martin O'Neill""]",3-Dec-11,30-Mar-13,483,54,19,16,19,,
Sunderland,"[u'Di Canio, Paolo', u'Paolo Di Canio']",31-Mar-13,22-Sep-13,175,13,3,3,7,,
Sunderland,"[u'Ball, Kevin', u'Kevin Ball', u' (caretaker)']",22-Sep-13,8-Oct-13,16,3,1,0,2,,
Sunderland,"[u'Poyet, Gus', u'Gus Poyet']",8-Oct-13,16-Mar-15,524,75,23,22,30,,
Sunderland,"[u'Advocaat, Dick', u'Dick Advocaat']",17-Mar-15,4-Oct-15,201,19,4,6,9,,
Sunderland,"[u'Allardyce, Sam', u'Sam Allardyce']",9-Oct-15,Present,,9,3,0,6,,
SwanseaCity,"[u'Burrows, Frank', u'Frank Burrows']",21-Mar-91,31-Jul-95,1593,231,85,65,81,,
SwanseaCity,"[u'Smith, Bobby', u'Bobby Smith']",1-Aug-95,31-Jul-96,365,49,12,14,23,,
SwanseaCity,"[u'Cullis, Kevin', u'Kevin Cullis']",8-Feb-96,14-Feb-96,6,2,0,0,2,,
SwanseaCity,"[u'Rimmer, Jimmy', u'Jimmy Rimmer']",14-Feb-96,22-Feb-96,8,2,0,1,1,,
SwanseaCity,"[u'M\xf8lby, Jan', u'Jan M\xf8lby', u'[', u']']",22-Feb-96,8-Oct-97,594,80,31,16,33,,
SwanseaCity,"[u'Adams, Micky', u'Micky Adams', u'[', u']']",9-Oct-97,22-Oct-97,13,3,0,0,3,,
SwanseaCity,"[u'Cork, Alan', u'Alan Cork']",22-Oct-97,30-Jun-98,251,35,10,10,15,,
SwanseaCity,"[u'Hollins, John', u'John Hollins']",1-Jul-98,12-Sep-01,1169,170,63,47,60,,
SwanseaCity,"[u'Addison, Colin', u'Colin Addison']",13-Sep-01,7-Mar-02,175,35,11,8,16,,
SwanseaCity,"[u'Freestone, Roger', u'Roger Freestone', u'[', u'nb 3', u']']",8-Mar-02,20-Apr-02,43,8,1,2,5,,
SwanseaCity,"[u'Cusack, Nick', u'Nick Cusack', u'[', u'nb 3', u']']",8-Mar-02,19-Sep-02,195,8,2,5,1,,
SwanseaCity,"[u'Flynn, Brian', u'Brian Flynn']",19-Sep-02,18-Mar-04,546,82,28,22,32,,
SwanseaCity,"[u'Curtis, Alan', u'Alan Curtis', u'[', u'nb 2', u']']",18-Mar-04,5-Apr-04,18,4,1,1,2,,
SwanseaCity,"[u'Jackett, Kenny', u'Kenny Jackett']",5-Apr-04,15-Feb-07,1046,156,69,40,47,,
SwanseaCity,"[u'Nugent, Kevin', u'Kevin Nugent', u'[', u'nb 2', u']']",15-Feb-07,24-Feb-07,9,3,0,1,2,,
SwanseaCity,"[u'Mart\xednez, Roberto', u'Roberto Mart\xednez']",24-Feb-07,15-Jun-09,842,126,63,37,26,,
SwanseaCity,"[u'Sousa, Paulo', u'Paulo Sousa']",22-Jun-09,5-Jul-10,378,49,18,18,13,,
SwanseaCity,"[u'Rodgers, Brendan', u'Brendan Rodgers']",16-Jul-10,1-Jun-12,686,96,43,20,33,,
SwanseaCity,"[u'Laudrup, Michael', u'Michael Laudrup']",17-Jun-12,4-Feb-14,597,84,29,24,31,,
SwanseaCity,"[u'Monk, Garry', u'Garry Monk']",4-Feb-14,9-Dec-15,673,74,28,16,30,,
SwanseaCity,"[u'Curtis, Alan', u'Alan Curtis', u'[', u'nb 2', u']']",9-Dec-15,18-Jan-16,40,8,2,2,4,,
SwanseaCity,"[u'Guidolin, Francesco', u'Francesco Guidolin']",18-Jan-16,Present,,0,0,0,0,,
Watford,"Perryman, Steve",1-Nov-90,1-Jul-93,973,121,42,35,44,,
Watford,"Roeder, Glenn",1-Jul-93,1-Feb-96,945,120,39,32,49,,
Watford,"Taylor, Graham",1-Feb-96,1-Jun-96,121,18,5,8,5,,
Watford,"Jackett, Kenny",1-Jun-96,1-Jun-97,365,46,16,19,11,,
Watford,"Taylor, Graham",1-Jun-97,1-May-01,1430,176,71,45,60,,
Watford,"Vialli, Gianluca",1-May-01,1-Jun-02,396,46,16,11,19,,
Watford,"Lewington, Ray",1-Jun-02,1-Mar-05,1004,131,42,36,53,,
Watford,"Boothroyd, Aidy",1-Mar-05,1-Nov-08,1341,152,51,48,53,,
Watford,"Mackay, Malky",1-Nov-08,1-Nov-08,0,5,2,1,2,,
Watford,"Rodgers, Brendan",1-Nov-08,1-Jun-09,212,27,11,6,10,,
Watford,"Mackay, Malky",1-Jun-09,1-Jun-11,730,92,30,25,37,,
Watford,"Dyche, Sean",1-Jun-11,1-Jul-12,396,46,16,16,14,,
Watford,"Zola, Gianfranco",1-Jul-12,1-Dec-13,518,66,29,15,22,,
Watford,"Sannino, Giuseppe",1-Dec-13,1-Aug-14,243,31,13,8,10,,
Watford,"Garc神a Junyent, 神scar",1-Sep-14,1-Sep-14,0,4,1,2,1,,
Watford,"McKinlay, Billy",1-Sep-14,1-Oct-14,30,2,1,1,0,,
Watford,"Jokanovi祇, Slavi″a",1-Oct-14,1-Jun-15,243,35,21,4,10,,
Watford,"Flores, Quique",1-Jun-15,present,,21,8,5,8,,
WestBrom,"[u'Gould, Bobby', u'Bobby Gould']",25-Feb-91,5-May-92,435,66,22,23,21,,
WestBrom,"[u'Ardiles, Osvaldo', u'Osvaldo Ardiles']",8-May-92,19-Jun-93,407,55,30,11,14,,
WestBrom,"[u'Burkinshaw, Keith', u'Keith Burkinshaw']",19-Jun-93,17-Oct-94,485,64,15,19,30,,
WestBrom,"[u'Buckley, Alan', u'Alan Buckley']",20-Oct-94,22-Jan-97,825,118,39,34,45,,
WestBrom,"[u'Mann, Arthur', u'Arthur Mann']",21-Jan-97,5-Feb-97,15,3,1,1,1,,
WestBrom,"[u'Harford, Ray', u'Ray Harford']",6-Feb-97,4-Dec-97,301,40,19,7,14,,
WestBrom,"[u'Barker, Richie', u'Richie Barker']",5-Dec-97,12-Dec-97,7,1,1,0,0,,
WestBrom,"[u'Trewick, John', u'John Trewick']",13-Dec-97,23-Dec-97,10,2,0,0,2,,
WestBrom,"[u'Smith, Denis', u'Denis Smith']",24-Dec-97,27-Jul-99,580,72,22,19,31,,
WestBrom,"[u'Regis, Cyrille', u'Cyrille Regis', u' &', u'\n', u'John Gorman']",28-Jul-99,2-Aug-99,5,0,0,0,0,,
WestBrom,"[u'Little, Brian', u'Brian Little']",3-Aug-99,6-Mar-00,216,41,8,18,15,,
WestBrom,"[u'Regis, Cyrille', u'Cyrille Regis', u' &', u'\n', u'Allan Evans']",7-Mar-00,8-Mar-00,1,1,1,0,0,,
WestBrom,"[u'Megson, Gary', u'Gary Megson']",9-Mar-00,26-Oct-04,1692,221,94,50,77,,
WestBrom,"[u'Burrows, Frank', u'Frank Burrows']",27-Oct-04,8-Nov-04,12,2,0,1,1,,
WestBrom,"[u'Robson, Bryan', u'Bryan Robson']",9-Nov-04,18-Sep-06,678,81,19,24,38,,
WestBrom,"[u'Pearson, Nigel', u'Nigel Pearson']",19-Sep-06,17-Oct-06,28,4,3,1,0,,
WestBrom,"[u'Shakespeare, Craig', u'Craig Shakespeare']",17-Oct-06,17-Oct-06,0,1,1,0,0,,
WestBrom,"[u'Mowbray, Tony', u'Tony Mowbray']",18-Oct-06,16-Jun-09,972,140,57,32,51,,
WestBrom,"[u'Di Matteo, Roberto', u'Roberto Di Matteo']",30-Jun-09,6-Feb-11,586,82,40,19,23,,
WestBrom,"[u'Appleton, Michael', u'Michael Appleton']",6-Feb-11,14-Feb-11,8,1,0,1,0,,
WestBrom,Roy Hodgson,14-Feb-11,1-May-12,442,54,20,13,21,,
WestBrom,Steve Clarke,12-Jun-12,14-Dec-13,550,60,19,15,26,,
WestBrom,Keith Downing,14-Dec-13,11-Jan-14,28,6,1,3,2,,
WestBrom,Pepe Mel,9-Jan-14,12-May-14,123,17,3,6,8,,
WestBrom,Alan Irvine,14-Jun-14,29-Dec-14,198,22,5,6,11,,
WestBrom,Rob Kelly,29-Dec-14,1-Jan-15,3,1,0,1,0,,
WestBrom,Tony Pulis,1-Jan-15,Present,,44,17,11,16,,
Wolverhampton,"[u'Turner, Graham', u'Graham Turner']",1-Oct-86,1-Mar-94,2708,412,179,109,124,,
Wolverhampton,"[u'Taylor, Graham', u'Graham Taylor']",1-Mar-94,1-Nov-95,610,91,36,29,26,,
Wolverhampton,"[u'McGhee, Mark', u'Mark McGhee']",1-Dec-95,1-Nov-98,1066,159,65,39,55,,
Wolverhampton,"[u'Lee, Colin', u'Colin Lee']",1-Nov-98,1-Dec-00,761,111,44,33,34,,
Wolverhampton,"[u'Jones, Dave', u'Dave Jones']",1-Jan-01,1-Nov-04,1400,187,75,52,60,,
Wolverhampton,"[u'Hoddle, Glenn', u'Glenn Hoddle']",1-Dec-04,1-Jul-06,577,76,27,34,15,,
Wolverhampton,"[u'McCarthy, Mick', u'Mick McCarthy']",1-Jul-06,1-Feb-12,2041,270,104,66,100,,
Wolverhampton,"[u'Connor, Terry', u'Terry Connor']",1-Feb-12,1-Jun-12,121,13,0,4,9,,
Wolverhampton,"[u'Solbakken, St\xe5le', u'St\xe5le Solbakken']",1-Jul-12,1-Jan-13,184,30,10,5,15,,
Wolverhampton,"[u'Saunders, Dean', u'Dean Saunders']",1-Jan-13,1-May-13,120,20,5,5,10,,
Wolverhampton,"[u'Jackett, Kenny', u'Kenny Jackett']",1-May-13,Present,,130,65,34,31,,